{
  "users": {
    "6285222288435@s.whatsapp.net": {
      "exp": 2,
      "limit": 10,
      "lastclaim": 0
    },
    "60166762097@s.whatsapp.net": {
      "exp": 14,
      "limit": 10,
      "lastclaim": 0
    },
    "6285229166305@s.whatsapp.net": {
      "exp": 37,
      "limit": 10,
      "lastclaim": 0
    },
    "6285896871609@s.whatsapp.net": {
      "exp": 126,
      "limit": 10,
      "lastclaim": 0
    },
    "6281368804189@s.whatsapp.net": {
      "exp": 41,
      "limit": 10,
      "lastclaim": 0
    },
    "14092175784@s.whatsapp.net": {
      "exp": 9,
      "limit": 10,
      "lastclaim": 0
    },
    "6281556851388@s.whatsapp.net": {
      "exp": 6,
      "limit": 10,
      "lastclaim": 0
    },
    "6282196670016@s.whatsapp.net": {
      "exp": 5,
      "limit": 10,
      "lastclaim": 0
    },
    "6285263431014@s.whatsapp.net": {
      "exp": 3,
      "limit": 10,
      "lastclaim": 0
    },
    "6283871477793@s.whatsapp.net": {
      "exp": 49,
      "limit": 10,
      "lastclaim": 0
    },
    "6289526814882@s.whatsapp.net": {
      "exp": 843,
      "limit": 10,
      "lastclaim": 0
    },
    "6285799827605@s.whatsapp.net": {
      "exp": 20,
      "limit": 10,
      "lastclaim": 0
    },
    "6288297029352@s.whatsapp.net": {
      "exp": 1,
      "limit": 10,
      "lastclaim": 0
    },
    "6281211658358@s.whatsapp.net": {
      "exp": 3,
      "limit": 10,
      "lastclaim": 0
    },
    "6289606306767@s.whatsapp.net": {
      "exp": 1,
      "limit": 10,
      "lastclaim": 0
    },
    "18255353960@s.whatsapp.net": {
      "exp": 4,
      "limit": 10,
      "lastclaim": 0
    },
    "6285601963360@s.whatsapp.net": {
      "exp": 9,
      "limit": 10,
      "lastclaim": 0
    },
    "6285225755417@s.whatsapp.net": {
      "exp": 4,
      "limit": 10,
      "lastclaim": 0
    },
    "6289529329982@s.whatsapp.net": {
      "exp": 5,
      "limit": 10,
      "lastclaim": 0
    },
    "6289513594248@s.whatsapp.net": {
      "exp": 1,
      "limit": 10,
      "lastclaim": 0
    },
    "6281290101260@s.whatsapp.net": {
      "exp": 2,
      "limit": 10,
      "lastclaim": 0
    },
    "6287724126305@s.whatsapp.net": {
      "exp": 1,
      "limit": 10,
      "lastclaim": 0
    },
    "6285246517992@s.whatsapp.net": {
      "exp": 4,
      "limit": 10,
      "lastclaim": 0
    },
    "6285211856060@s.whatsapp.net": {
      "exp": 2,
      "limit": 10,
      "lastclaim": 0
    },
    "6289524436989@s.whatsapp.net": {
      "exp": 132,
      "limit": 10,
      "lastclaim": 0
    },
    "6287852739621@s.whatsapp.net": {
      "exp": 2,
      "limit": 10,
      "lastclaim": 0
    },
    "6285856374376@s.whatsapp.net": {
      "exp": 2,
      "limit": 10,
      "lastclaim": 0
    },
    "6287879019224@s.whatsapp.net": {
      "exp": 3,
      "limit": 10,
      "lastclaim": 0
    },
    "6288298037569@s.whatsapp.net": {
      "exp": 4,
      "limit": 10,
      "lastclaim": 0
    },
    "62895619412409@s.whatsapp.net": {
      "exp": 4,
      "limit": 10,
      "lastclaim": 0
    },
    "6283119325116@s.whatsapp.net": {
      "exp": 6,
      "limit": 10,
      "lastclaim": 0
    },
    "6285754417978@s.whatsapp.net": {
      "exp": 6,
      "limit": 10,
      "lastclaim": 0
    },
    "6281271766396@s.whatsapp.net": {
      "exp": 1,
      "limit": 10,
      "lastclaim": 0
    },
    "6287875177636@s.whatsapp.net": {
      "exp": 37,
      "limit": 10,
      "lastclaim": 0
    },
    "6289616669915@s.whatsapp.net": {
      "exp": 3,
      "limit": 10,
      "lastclaim": 0
    },
    "6281268642421@s.whatsapp.net": {
      "exp": 1,
      "limit": 10,
      "lastclaim": 0
    },
    "6285786646526@s.whatsapp.net": {
      "exp": 2,
      "limit": 10,
      "lastclaim": 0
    },
    "6285955372133@s.whatsapp.net": {
      "exp": 38,
      "limit": 10,
      "lastclaim": 0
    },
    "6283141769830@s.whatsapp.net": {
      "exp": 13,
      "limit": 10,
      "lastclaim": 0
    },
    "6283130993023@s.whatsapp.net": {
      "exp": 8,
      "limit": 10,
      "lastclaim": 0
    },
    "6285894188255@s.whatsapp.net": {
      "exp": 6,
      "limit": 10,
      "lastclaim": 0
    },
    "6285748314762@s.whatsapp.net": {
      "exp": 16,
      "limit": 10,
      "lastclaim": 0
    },
    "6281325863965@s.whatsapp.net": {
      "exp": 4,
      "limit": 10,
      "lastclaim": 0
    },
    "6281882855844@s.whatsapp.net": {
      "exp": 6,
      "limit": 10,
      "lastclaim": 0
    },
    "6283173687789@s.whatsapp.net": {
      "exp": 13,
      "limit": 10,
      "lastclaim": 0
    },
    "6287814065731@s.whatsapp.net": {
      "exp": 1,
      "limit": 10,
      "lastclaim": 0
    },
    "6281515860089@s.whatsapp.net": {
      "exp": 53,
      "limit": 7,
      "lastclaim": 0
    },
    "62895373734242@s.whatsapp.net": {
      "exp": 2,
      "limit": 10,
      "lastclaim": 0
    },
    "60175235882@s.whatsapp.net": {
      "exp": 1,
      "limit": 10,
      "lastclaim": 0
    },
    "6288279817246@s.whatsapp.net": {
      "exp": 13,
      "limit": 10,
      "lastclaim": 0
    },
    "6282245471755@s.whatsapp.net": {
      "exp": 3,
      "limit": 10,
      "lastclaim": 0
    },
    "6283896577263@s.whatsapp.net": {
      "exp": 3,
      "limit": 10,
      "lastclaim": 0
    },
    "6281572494751@s.whatsapp.net": {
      "exp": 1,
      "limit": 10,
      "lastclaim": 0
    },
    "15618030259@s.whatsapp.net": {
      "exp": 0,
      "limit": 10,
      "lastclaim": 0
    },
    "6282157008043@s.whatsapp.net": {
      "exp": 1,
      "limit": 10,
      "lastclaim": 0
    },
    "6285780724445@s.whatsapp.net": {
      "exp": 26,
      "limit": 10,
      "lastclaim": 0
    },
    "6289636034568@s.whatsapp.net": {
      "exp": 1,
      "limit": 10,
      "lastclaim": 0
    },
    "6285715589097@s.whatsapp.net": {
      "exp": 1,
      "limit": 10,
      "lastclaim": 0
    },
    "6285878491525@s.whatsapp.net": {
      "exp": 1,
      "limit": 10,
      "lastclaim": 0
    },
    "6285290833716@s.whatsapp.net": {
      "exp": 4,
      "limit": 10,
      "lastclaim": 0
    },
    "6287708323635@s.whatsapp.net": {
      "exp": 75,
      "limit": 7,
      "lastclaim": 0
    },
    "6285960625466@s.whatsapp.net": {
      "exp": 1,
      "limit": 10,
      "lastclaim": 0
    },
    "6282190056977@s.whatsapp.net": {
      "exp": 4,
      "limit": 10,
      "lastclaim": 0
    },
    "6285157711053@s.whatsapp.net": {
      "exp": 0,
      "limit": 10,
      "lastclaim": 0
    },
    "62811126971@s.whatsapp.net": {
      "exp": 1,
      "limit": 10,
      "lastclaim": 0
    },
    "6281289241210@s.whatsapp.net": {
      "exp": 1,
      "limit": 10,
      "lastclaim": 0
    },
    "62895330109014@s.whatsapp.net": {
      "exp": 4,
      "limit": 10,
      "lastclaim": 0
    },
    "6285774399645@s.whatsapp.net": {
      "exp": 1,
      "limit": 10,
      "lastclaim": 0
    },
    "6282292946048@s.whatsapp.net": {
      "exp": 3,
      "limit": 10,
      "lastclaim": 0
    },
    "6282334180770@s.whatsapp.net": {
      "exp": 1,
      "limit": 10,
      "lastclaim": 0
    },
    "6288263595212@s.whatsapp.net": {
      "exp": 8,
      "limit": 10,
      "lastclaim": 0
    },
    "6282138319578@s.whatsapp.net": {
      "exp": 1,
      "limit": 10,
      "lastclaim": 0
    },
    "6289662251608@s.whatsapp.net": {
      "exp": 2,
      "limit": 10,
      "lastclaim": 0
    },
    "6283808694769@s.whatsapp.net": {
      "exp": 1,
      "limit": 10,
      "lastclaim": 0
    },
    "6285975350349@s.whatsapp.net": {
      "exp": 1,
      "limit": 10,
      "lastclaim": 0
    },
    "6289510326709@s.whatsapp.net": {
      "exp": 2,
      "limit": 10,
      "lastclaim": 0
    },
    "6289530052788@s.whatsapp.net": {
      "exp": 2,
      "limit": 10,
      "lastclaim": 0
    },
    "6281284561604@s.whatsapp.net": {
      "exp": 1,
      "limit": 10,
      "lastclaim": 0
    },
    "6289636035164@s.whatsapp.net": {
      "exp": 5,
      "limit": 10,
      "lastclaim": 0
    },
    "6289516334394@s.whatsapp.net": {
      "exp": 5,
      "limit": 10,
      "lastclaim": 0
    },
    "6281318170447@s.whatsapp.net": {
      "exp": 5,
      "limit": 10,
      "lastclaim": 0
    },
    "6282166005360@s.whatsapp.net": {
      "exp": 1,
      "limit": 10,
      "lastclaim": 0
    },
    "62895326364996@s.whatsapp.net": {
      "exp": 3,
      "limit": 10,
      "lastclaim": 0
    },
    "6285706602739@s.whatsapp.net": {
      "exp": 1,
      "limit": 10,
      "lastclaim": 0
    },
    "6287781840746@s.whatsapp.net": {
      "exp": 18,
      "limit": 10,
      "lastclaim": 0
    },
    "6285828608626@s.whatsapp.net": {
      "exp": 1,
      "limit": 10,
      "lastclaim": 0
    },
    "6283178275769@s.whatsapp.net": {
      "exp": 1,
      "limit": 10,
      "lastclaim": 0
    },
    "6287799154674@s.whatsapp.net": {
      "exp": 1,
      "limit": 10,
      "lastclaim": 0
    },
    "6285774460026@s.whatsapp.net": {
      "exp": 17,
      "limit": 10,
      "lastclaim": 0
    },
    "6283175560521@s.whatsapp.net": {
      "exp": 27,
      "limit": 10,
      "lastclaim": 0
    },
    "6289630731743@s.whatsapp.net": {
      "exp": 3,
      "limit": 10,
      "lastclaim": 0
    },
    "6281338125255@s.whatsapp.net": {
      "exp": 6,
      "limit": 10,
      "lastclaim": 0
    },
    "6285740769876@s.whatsapp.net": {
      "exp": 1,
      "limit": 10,
      "lastclaim": 0
    },
    "6283869034846@s.whatsapp.net": {
      "exp": 2,
      "limit": 10,
      "lastclaim": 0
    },
    "6281222523392@s.whatsapp.net": {
      "exp": 1,
      "limit": 10,
      "lastclaim": 0
    },
    "6281283842258@s.whatsapp.net": {
      "exp": 1,
      "limit": 10,
      "lastclaim": 0
    },
    "6283126231969@s.whatsapp.net": {
      "exp": 4,
      "limit": 10,
      "lastclaim": 0
    },
    "6285755495437@s.whatsapp.net": {
      "exp": 28,
      "limit": 10,
      "lastclaim": 0
    },
    "628311800241@s.whatsapp.net": {
      "exp": 1,
      "limit": 10,
      "lastclaim": 0
    },
    "6282299265151@s.whatsapp.net": {
      "exp": 2,
      "limit": 10,
      "lastclaim": 0
    },
    "6285645319608@s.whatsapp.net": {
      "exp": 3,
      "limit": 10,
      "lastclaim": 0
    },
    "6285788826932@s.whatsapp.net": {
      "exp": 1,
      "limit": 10,
      "lastclaim": 0
    },
    "6285335140126@s.whatsapp.net": {
      "exp": 5,
      "limit": 10,
      "lastclaim": 0
    },
    "6287753633041@s.whatsapp.net": {
      "exp": 5,
      "limit": 10,
      "lastclaim": 0
    },
    "6281317637956@s.whatsapp.net": {
      "exp": 1,
      "limit": 10,
      "lastclaim": 0
    },
    "6285384955726@s.whatsapp.net": {
      "exp": 1,
      "limit": 10,
      "lastclaim": 0
    },
    "62895605311289@s.whatsapp.net": {
      "exp": 3,
      "limit": 10,
      "lastclaim": 0
    },
    "6281292418518@s.whatsapp.net": {
      "exp": 1,
      "limit": 10,
      "lastclaim": 0
    },
    "6288294052009@s.whatsapp.net": {
      "exp": 21,
      "limit": 10,
      "lastclaim": 0
    },
    "6285869513050@s.whatsapp.net": {
      "exp": 20,
      "limit": 10,
      "lastclaim": 0
    },
    "6283813271623@s.whatsapp.net": {
      "exp": 1,
      "limit": 10,
      "lastclaim": 0
    },
    "6282196792040@s.whatsapp.net": {
      "exp": 1,
      "limit": 10,
      "lastclaim": 0
    },
    "6281372683657@s.whatsapp.net": {
      "exp": 2,
      "limit": 10,
      "lastclaim": 0
    },
    "6281553343748@s.whatsapp.net": {
      "exp": 1,
      "limit": 10,
      "lastclaim": 0
    },
    "6289508232803@s.whatsapp.net": {
      "exp": 10,
      "limit": 10,
      "lastclaim": 0
    },
    "62887435109842@s.whatsapp.net": {
      "exp": 3,
      "limit": 10,
      "lastclaim": 0
    },
    "6285216437725@s.whatsapp.net": {
      "exp": 11,
      "limit": 10,
      "lastclaim": 0
    },
    "6281218493251@s.whatsapp.net": {
      "exp": 6,
      "limit": 10,
      "lastclaim": 0
    },
    "6281219087237@s.whatsapp.net": {
      "exp": 1,
      "limit": 10,
      "lastclaim": 0
    },
    "62895324834879@s.whatsapp.net": {
      "exp": 1,
      "limit": 10,
      "lastclaim": 0
    },
    "62859180567137@s.whatsapp.net": {
      "exp": 1,
      "limit": 10,
      "lastclaim": 0
    },
    "6282125986924@s.whatsapp.net": {
      "exp": 8,
      "limit": 10,
      "lastclaim": 0
    },
    "6282134580805@s.whatsapp.net": {
      "exp": 30,
      "limit": 10,
      "lastclaim": 0
    },
    "6283134225067@s.whatsapp.net": {
      "exp": 3,
      "limit": 10,
      "lastclaim": 0
    },
    "6283879908342@s.whatsapp.net": {
      "exp": 1,
      "limit": 10,
      "lastclaim": 0
    },
    "6289636590951@s.whatsapp.net": {
      "exp": 1,
      "limit": 10,
      "lastclaim": 0
    },
    "6289673455407@s.whatsapp.net": {
      "exp": 1,
      "limit": 10,
      "lastclaim": 0
    },
    "6289662518213@s.whatsapp.net": {
      "exp": 38,
      "limit": 10,
      "lastclaim": 0
    },
    "62895601038981@s.whatsapp.net": {
      "exp": 1,
      "limit": 10,
      "lastclaim": 0
    },
    "6285787786816@s.whatsapp.net": {
      "exp": 1,
      "limit": 10,
      "lastclaim": 0
    },
    "6283113353131@s.whatsapp.net": {
      "exp": 1,
      "limit": 10,
      "lastclaim": 0
    },
    "6288235435804@s.whatsapp.net": {
      "exp": 3,
      "limit": 10,
      "lastclaim": 0
    },
    "556993733829@s.whatsapp.net": {
      "exp": 0,
      "limit": 10,
      "lastclaim": 0
    },
    "6283141956743@s.whatsapp.net": {
      "exp": 1,
      "limit": 10,
      "lastclaim": 0
    },
    "6288217796564@s.whatsapp.net": {
      "exp": 13,
      "limit": 10,
      "lastclaim": 0
    },
    "628811369340@s.whatsapp.net": {
      "exp": 1,
      "limit": 10,
      "lastclaim": 0
    },
    "6283142933894@s.whatsapp.net": {
      "exp": 10,
      "limit": 10,
      "lastclaim": 0
    },
    "6281348472992@s.whatsapp.net": {
      "exp": 1,
      "limit": 10,
      "lastclaim": 0
    },
    "6281316864508@s.whatsapp.net": {
      "exp": 2,
      "limit": 10,
      "lastclaim": 0
    },
    "6283150533719@s.whatsapp.net": {
      "exp": 1,
      "limit": 10,
      "lastclaim": 0
    },
    "6285727595713@s.whatsapp.net": {
      "exp": 3,
      "limit": 10,
      "lastclaim": 0
    },
    "6281293500936@s.whatsapp.net": {
      "exp": 13,
      "limit": 10,
      "lastclaim": 0
    },
    "6285782104409@s.whatsapp.net": {
      "exp": 1,
      "limit": 10,
      "lastclaim": 0
    },
    "6283898834494@s.whatsapp.net": {
      "exp": 1,
      "limit": 10,
      "lastclaim": 0
    },
    "6285842168229@s.whatsapp.net": {
      "exp": 1,
      "limit": 10,
      "lastclaim": 0
    },
    "6285894544041@s.whatsapp.net": {
      "exp": 1,
      "limit": 10,
      "lastclaim": 0
    },
    "62895807920002@s.whatsapp.net": {
      "exp": 1,
      "limit": 10,
      "lastclaim": 0
    },
    "6289681851843@s.whatsapp.net": {
      "exp": 18,
      "limit": 10,
      "lastclaim": 0
    },
    "6281511540207@s.whatsapp.net": {
      "exp": 3,
      "limit": 10,
      "lastclaim": 0
    },
    "6289655478810@s.whatsapp.net": {
      "exp": 0,
      "limit": 10,
      "lastclaim": 0
    },
    "6282195782121@s.whatsapp.net": {
      "exp": 1,
      "limit": 10,
      "lastclaim": 0
    },
    "6289510350428@s.whatsapp.net": {
      "exp": 2,
      "limit": 10,
      "lastclaim": 0
    },
    "6282138301741@s.whatsapp.net": {
      "exp": 20,
      "limit": 10,
      "lastclaim": 0
    },
    "6283845439388@s.whatsapp.net": {
      "exp": 1,
      "limit": 10,
      "lastclaim": 0
    },
    "62851561614685@s.whatsapp.net": {
      "exp": 4,
      "limit": 10,
      "lastclaim": 0
    },
    "6283150663602@s.whatsapp.net": {
      "exp": 1,
      "limit": 10,
      "lastclaim": 0
    },
    "6288802261751@s.whatsapp.net": {
      "exp": 1,
      "limit": 10,
      "lastclaim": 0
    },
    "6282385681210@s.whatsapp.net": {
      "exp": 1,
      "limit": 10,
      "lastclaim": 0
    },
    "6282369523976@s.whatsapp.net": {
      "exp": 1,
      "limit": 10,
      "lastclaim": 0
    },
    "62859193684953@s.whatsapp.net": {
      "exp": 1,
      "limit": 10,
      "lastclaim": 0
    },
    "6283159915703@s.whatsapp.net": {
      "exp": 1,
      "limit": 10,
      "lastclaim": 0
    },
    "628978864798@s.whatsapp.net": {
      "exp": 1,
      "limit": 10,
      "lastclaim": 0
    },
    "6281265766825@s.whatsapp.net": {
      "exp": 3,
      "limit": 10,
      "lastclaim": 0
    },
    "6281541049752@s.whatsapp.net": {
      "exp": 1,
      "limit": 10,
      "lastclaim": 0
    },
    "6288212768618@s.whatsapp.net": {
      "exp": 8,
      "limit": 10,
      "lastclaim": 0
    },
    "6282318397347@s.whatsapp.net": {
      "exp": 1,
      "limit": 10,
      "lastclaim": 0
    },
    "6285900214109@s.whatsapp.net": {
      "exp": 1,
      "limit": 10,
      "lastclaim": 0
    },
    "6285876286417@s.whatsapp.net": {
      "exp": 1,
      "limit": 10,
      "lastclaim": 0
    }
  },
  "groups": {},
  "chats": {
    "6285229166305-1609461442@g.us": {
      "isBanned": false,
      "welcome": false,
      "sWelcome": "",
      "sBye": "",
      "delete": true
    },
    "6281511552180-1603769430@g.us": {
      "isBanned": false,
      "welcome": false,
      "sWelcome": "",
      "sBye": "",
      "delete": true
    },
    "6283173687789-1614140792@g.us": {
      "isBanned": false,
      "welcome": false,
      "sWelcome": "",
      "sBye": "",
      "delete": true
    },
    "6281515860089-1603201802@g.us": {
      "isBanned": false,
      "welcome": false,
      "sWelcome": "",
      "sBye": "",
      "delete": true
    },
    "6288808346906@s.whatsapp.net": {
      "isBanned": false,
      "welcome": false,
      "sWelcome": "",
      "sBye": "",
      "delete": true
    },
    "status@broadcast": {
      "isBanned": false,
      "welcome": false,
      "sWelcome": "",
      "sBye": "",
      "delete": true
    },
    "6281290101260@s.whatsapp.net": {
      "isBanned": false,
      "welcome": false,
      "sWelcome": "",
      "sBye": "",
      "delete": true
    },
    "6285955372133@s.whatsapp.net": {
      "isBanned": false,
      "welcome": false,
      "sWelcome": "",
      "sBye": "",
      "delete": true
    },
    "6285894188255@s.whatsapp.net": {
      "isBanned": false,
      "welcome": false,
      "sWelcome": "",
      "sBye": "",
      "delete": true
    },
    "6289508232803-1614132863@g.us": {
      "isBanned": false,
      "welcome": false,
      "sWelcome": "",
      "sBye": "",
      "delete": true
    },
    "6283871477793@s.whatsapp.net": {
      "isBanned": false,
      "welcome": false,
      "sWelcome": "",
      "sBye": "",
      "delete": true
    },
    "6288292156203-1598105837@g.us": {
      "isBanned": false,
      "welcome": false,
      "sWelcome": "",
      "sBye": "",
      "delete": true
    },
    "6281368804189@s.whatsapp.net": {
      "isBanned": false,
      "welcome": false,
      "sWelcome": "",
      "sBye": "",
      "delete": true
    },
    "15618030259@s.whatsapp.net": {
      "isBanned": false,
      "welcome": false,
      "sWelcome": "",
      "sBye": "",
      "delete": true
    },
    "6282369523976@s.whatsapp.net": {
      "isBanned": false,
      "welcome": false,
      "sWelcome": "",
      "sBye": "",
      "delete": true
    },
    "6287708323635@s.whatsapp.net": {
      "isBanned": false,
      "welcome": false,
      "sWelcome": "",
      "sBye": "",
      "delete": true
    },
    "6289630731743@s.whatsapp.net": {
      "isBanned": false,
      "welcome": false,
      "sWelcome": "",
      "sBye": "",
      "delete": true
    },
    "6288263595212@s.whatsapp.net": {
      "isBanned": false,
      "welcome": false,
      "sWelcome": "",
      "sBye": "",
      "delete": true
    },
    "6285755495437@s.whatsapp.net": {
      "isBanned": false,
      "welcome": false,
      "sWelcome": "",
      "sBye": "",
      "delete": true
    },
    "6281280904575@s.whatsapp.net": {
      "isBanned": false,
      "welcome": false,
      "sWelcome": "",
      "sBye": "",
      "delete": true
    },
    "6288294052009@s.whatsapp.net": {
      "isBanned": false,
      "welcome": false,
      "sWelcome": "",
      "sBye": "",
      "delete": true
    },
    "6285216437725@s.whatsapp.net": {
      "isBanned": false,
      "welcome": false,
      "sWelcome": "",
      "sBye": "",
      "delete": true
    },
    "6281511540207@s.whatsapp.net": {
      "isBanned": false,
      "welcome": false,
      "sWelcome": "",
      "sBye": "",
      "delete": true
    },
    "6281515860089@s.whatsapp.net": {
      "isBanned": false,
      "welcome": false,
      "sWelcome": "",
      "sBye": "",
      "delete": true
    },
    "6281226433575-1614326084@g.us": {
      "isBanned": false,
      "welcome": false,
      "sWelcome": "",
      "sBye": "",
      "delete": true
    },
    "6281338125255@s.whatsapp.net": {
      "isBanned": false,
      "welcome": false,
      "sWelcome": "",
      "sBye": "",
      "delete": true
    },
    "6281265766825@s.whatsapp.net": {
      "isBanned": false,
      "welcome": false,
      "sWelcome": "",
      "sBye": "",
      "delete": true
    },
    "6288212768618@s.whatsapp.net": {
      "isBanned": false,
      "welcome": false,
      "sWelcome": "",
      "sBye": "",
      "delete": true
    },
    "6281271766396-1603205749@g.us": {
      "isBanned": false,
      "welcome": false,
      "sWelcome": "",
      "sBye": "",
      "delete": true
    }
  },
  "stats": {
    "menu.js": {
      "total": 23,
      "success": 23,
      "last": 1614844810169,
      "lastSuccess": 1614844810169
    },
    "profile.js": {
      "total": 19,
      "success": 19,
      "last": 1614475577642,
      "lastSuccess": 1614475577642
    },
    "play.js": {
      "total": 5,
      "success": 5,
      "last": 1614434106254,
      "lastSuccess": 1614434106254
    },
    "update.js": {
      "total": 2,
      "success": 2,
      "last": 1614433241503,
      "lastSuccess": 1614433241503
    },
    "sticker.js": {
      "total": 10,
      "success": 4,
      "last": 1614475612271,
      "lastSuccess": 1614475612271
    },
    "toimg.js": {
      "total": 5,
      "success": 5,
      "last": 1614433761857,
      "lastSuccess": 1614433761857
    },
    "attp.js": {
      "total": 2,
      "success": 2,
      "last": 1614433499158,
      "lastSuccess": 1614433499158
    },
    "exec2.js": {
      "total": 3,
      "success": 3,
      "last": 1614433749110,
      "lastSuccess": 1614433749110
    },
    "ytv.js": {
      "total": 3,
      "success": 3,
      "last": 1614434174056,
      "lastSuccess": 1614434174056
    },
    "math_answer.js": {
      "total": 5,
      "success": 5,
      "last": 1614475818605,
      "lastSuccess": 1614475818605
    },
    "online.js": {
      "total": 5,
      "success": 3,
      "last": 1614476138643,
      "lastSuccess": 1614476138643
    },
    "opengumuman.js": {
      "total": 29,
      "success": 29,
      "last": 1614476134487,
      "lastSuccess": 1614476134487
    },
    "unbanchat.js": {
      "total": 3,
      "success": 3,
      "last": 1614475092364,
      "lastSuccess": 1614475092364
    },
    "banchat.js": {
      "total": 2,
      "success": 2,
      "last": 1614467872056,
      "lastSuccess": 1614467872056
    },
    "enable.js": {
      "total": 4,
      "success": 4,
      "last": 1614476226489,
      "lastSuccess": 1614476226489
    },
    "math.js": {
      "total": 3,
      "success": 2,
      "last": 1614477188473,
      "lastSuccess": 1614477080194
    }
  }
}